{"loss": [0.019630031660199165, 0.0011728234821930528, 0.00031567912083119154, 0.0002989678760059178, 0.0004010880657006055, 0.00016205346037168056, 0.00014591596846003085, 0.00011905378050869331, 0.00038077152566984296, 0.00011442202958278358, 0.00010863157513085753, 9.792645869310945e-05, 9.029696957441047e-05, 7.400126196444035e-05, 7.164596172515303e-05, 6.858365668449551e-05, 6.467421189881861e-05, 6.603172369068488e-05, 6.111028051236644e-05, 5.355697066988796e-05, 6.609765841858461e-05, 4.556186104309745e-05, 8.240395982284099e-05, 4.097913551959209e-05, 4.41104821220506e-05, 4.292866287869401e-05, 4.529343277681619e-05, 4.159280069870874e-05, 4.0502101910533383e-05, 3.723822737811133e-05, 3.506816574372351e-05, 4.3413558159954846e-05, 3.066108183702454e-05, 3.135737279080786e-05, 2.991697510879021e-05, 2.8387337806634605e-05, 3.72110225725919e-05, 2.7672054784488864e-05, 2.635676173667889e-05, 3.809665213339031e-05, 2.327608672203496e-05, 2.4581202524132095e-05, 2.4722889065742493e-05, 2.7793577828560956e-05, 2.3408836568705738e-05, 2.4152926926035434e-05, 2.35286006500246e-05, 4.855256338487379e-05, 2.0699037122540176e-05, 1.8687693227548152e-05, 2.148283601854928e-05, 2.11605874937959e-05, 2.2785381588619202e-05, 2.1154037312953733e-05, 2.0812663933611475e-05, 1.996428909478709e-05, 2.3329650503001176e-05, 1.9561388398869894e-05, 2.270951881655492e-05, 2.0173221855657175e-05, 1.8880646166508086e-05, 2.0615418179659173e-05, 2.0087096345378086e-05, 1.9395749404793605e-05, 1.966934541997034e-05, 1.934576539497357e-05, 1.8349828678765334e-05, 1.8755234123091213e-05, 1.8183647625846788e-05, 1.8543903934187256e-05, 1.8592074411571957e-05, 1.9624405467766337e-05, 1.6182695617317222e-05, 1.9245442672399804e-05, 1.6949610653682612e-05, 1.856028575275559e-05, 1.7237103747902438e-05, 1.71833235071972e-05, 1.8229324268759228e-05, 1.6612464605714194e-05, 1.8336884750169702e-05, 1.7517011656309478e-05, 1.791212343960069e-05, 1.6018289898056537e-05, 1.5873172742431052e-05, 1.6040357877500355e-05, 1.6979123756755143e-05, 1.5607265595463105e-05, 1.6650812540319748e-05, 1.6088650227175094e-05, 1.6364716429961845e-05, 1.5337847798946314e-05, 1.564552803756669e-05, 1.59380397235509e-05, 1.6530580978724174e-05, 1.5683259334764443e-05, 1.5835412341402844e-05, 1.5390098269563168e-05, 1.5210197489068378e-05, 1.5163698662945535e-05], "mean_absolute_error": [0.08782041072845459, 0.023199059069156647, 0.012202427722513676, 0.01091658417135477, 0.011416241526603699, 0.007891152985394001, 0.007700135000050068, 0.0072891139425337315, 0.009556960314512253, 0.006348490249365568, 0.006183166056871414, 0.006246119737625122, 0.006139692850410938, 0.005628311075270176, 0.005529248621314764, 0.005408500321209431, 0.0052505480125546455, 0.005194192752242088, 0.00496995123103261, 0.004776404704898596, 0.0051209344528615475, 0.004230856895446777, 0.004760402254760265, 0.003911160863935947, 0.00420350581407547, 0.004171612206846476, 0.004361302591860294, 0.004146283958107233, 0.004044631030410528, 0.003934829495847225, 0.003860555589199066, 0.003948397468775511, 0.003466199617832899, 0.0035730546806007624, 0.0035339584574103355, 0.003347849939018488, 0.0035642804577946663, 0.0032364048529416323, 0.003222548635676503, 0.003692837432026863, 0.002888132818043232, 0.003101392649114132, 0.0030929967761039734, 0.003118263790383935, 0.002975916489958763, 0.003087226999923587, 0.003046320751309395, 0.003667104057967663, 0.002644043415784836, 0.0025008213706314564, 0.002777648624032736, 0.0027539723087102175, 0.002906022360548377, 0.0027558282017707825, 0.002764730481430888, 0.0027195827569812536, 0.002941641490906477, 0.002665895503014326, 0.0029114093631505966, 0.002705979160964489, 0.002595440484583378, 0.0027719198260456324, 0.002730398206040263, 0.0026804846711456776, 0.0026976505760103464, 0.002635131822898984, 0.002568931318819523, 0.002613469958305359, 0.0025225463323295116, 0.0025798026472330093, 0.0025482734199613333, 0.002614737255498767, 0.0023539774119853973, 0.0026096797082573175, 0.0024325139820575714, 0.002531185280531645, 0.0024229660630226135, 0.002476228168234229, 0.0025174072943627834, 0.0023650277871638536, 0.002526763593778014, 0.002485104138031602, 0.0024013055954128504, 0.002354499651119113, 0.002320965752005577, 0.0023505042772740126, 0.0024381536059081554, 0.0022988305427134037, 0.002385730156674981, 0.002389240078628063, 0.002329051261767745, 0.002233940875157714, 0.0022933464497327805, 0.002310939598828554, 0.002409584354609251, 0.0022834267001599073, 0.0022952063009142876, 0.0022585035767406225, 0.0022547754924744368, 0.002239796333014965]}