{"loss": [0.0059522720985114574, 0.0028112248983234167, 0.00239958637394011, 0.0015739257214590907, 0.0009085508645512164, 0.0007963391835801303, 0.0005297694006003439, 0.0008175518596544862, 0.00044407384120859206, 0.00035163803840987384, 0.0002490180777385831, 0.000341069302521646, 0.00017198351270053536, 0.00021214985463302583, 0.0001792711700545624, 0.00013671503984369338, 0.0001669425400905311, 0.00012349712778814137, 0.00011578063276829198, 0.0001521679077995941, 0.00012899657303933054, 9.860086720436811e-05, 9.972353291232139e-05, 0.00016484087973367423, 8.882237307261676e-05, 8.509535837220028e-05, 9.552945994073525e-05, 8.03502625785768e-05, 0.00011616393749136478, 7.686208846280351e-05, 7.143157563405111e-05, 7.349097722908482e-05, 7.463400106644258e-05, 7.684215961489826e-05, 0.00012866526958532631, 7.427564560202882e-05, 6.769516039639711e-05, 6.59940269542858e-05, 6.536143337143585e-05, 7.196150545496494e-05, 6.360107363434508e-05, 6.232217856450006e-05, 6.891837256262079e-05, 5.95786223129835e-05, 7.809976523276418e-05, 5.837762728333473e-05, 5.711436824640259e-05, 5.755002348450944e-05, 6.591018609469756e-05, 6.071355164749548e-05, 8.048731979215518e-05, 5.3088475397089496e-05, 5.1800161600112915e-05, 5.9481717471498996e-05, 5.183456596569158e-05, 5.075501758255996e-05, 9.057646821020171e-05, 4.9545400543138385e-05, 4.9354839575244114e-05, 5.140799839864485e-05, 5.8276225900044665e-05, 5.08133671246469e-05, 5.033045090385713e-05, 5.020164462621324e-05, 5.096926906844601e-05, 4.871184501098469e-05, 9.849612979451194e-05, 4.8223209887510166e-05, 4.695212555816397e-05, 4.710074790637009e-05, 4.882653956883587e-05, 5.173945100978017e-05, 4.953780444338918e-05, 4.90112324769143e-05, 4.4791751861339435e-05, 4.68858124804683e-05, 4.7297689889092e-05, 4.6677974751219153e-05, 5.5698044889140874e-05, 4.4971529860049486e-05, 4.484150849748403e-05, 4.8473477363586426e-05, 4.409405300975777e-05, 4.384629937703721e-05, 4.360789171187207e-05, 4.349628943600692e-05, 4.491788786253892e-05, 4.284530223230831e-05, 4.5451328333001584e-05, 4.28788443969097e-05, 5.06560318171978e-05, 5.081802009954117e-05, 4.194578650640324e-05, 4.253822407918051e-05, 4.488350168685429e-05, 4.102722596144304e-05, 4.18826166423969e-05, 4.198737951810472e-05, 4.2541607399471104e-05, 4.0835777326719835e-05], "mean_absolute_error": [0.05287068709731102, 0.03605479747056961, 0.03408409655094147, 0.028774602338671684, 0.021189860999584198, 0.01830529235303402, 0.015130361542105675, 0.017298748716711998, 0.01339316088706255, 0.012154527008533478, 0.010348645970225334, 0.011593877337872982, 0.008975843898952007, 0.009589429944753647, 0.008932143449783325, 0.007879961282014847, 0.008467063307762146, 0.0074638319201767445, 0.007319895084947348, 0.007710167206823826, 0.007350489497184753, 0.006536072585731745, 0.006620034109801054, 0.007496544159948826, 0.006117895245552063, 0.0059717996045947075, 0.006302072200924158, 0.005729315336793661, 0.006545351352542639, 0.0055960738100111485, 0.005381879396736622, 0.0055146305821835995, 0.0054761809296905994, 0.005418266635388136, 0.006654893048107624, 0.005463378969579935, 0.005156755447387695, 0.005115751642733812, 0.005036115646362305, 0.00521706510335207, 0.0048757279291749, 0.004838989581912756, 0.005094979889690876, 0.004667217377573252, 0.0053460244089365005, 0.004584825597703457, 0.004528782330453396, 0.004587266128510237, 0.004782542120665312, 0.004633584059774876, 0.0051405769772827625, 0.004316740669310093, 0.004259023349732161, 0.004600312560796738, 0.004238435998558998, 0.004175474867224693, 0.005157616455107927, 0.004096656572073698, 0.003983018454164267, 0.0042128791101276875, 0.0045892661437392235, 0.004121639300137758, 0.004116281401365995, 0.004043661057949066, 0.004156099632382393, 0.0039266562089324, 0.005287671461701393, 0.0040276232175529, 0.003930247388780117, 0.0038842903450131416, 0.003977995831519365, 0.0040719714015722275, 0.003969965502619743, 0.003973179962486029, 0.003791753202676773, 0.0038876740727573633, 0.003938044887036085, 0.003862309269607067, 0.0040715704672038555, 0.0037120371125638485, 0.003728705458343029, 0.0039110868237912655, 0.0037452923133969307, 0.003667564829811454, 0.003650123253464699, 0.0036820194218307734, 0.0036953813396394253, 0.0035871306899935007, 0.00378102483227849, 0.0036182559560984373, 0.00409136526286602, 0.0039537628181278706, 0.0035309770610183477, 0.003647556994110346, 0.0036400023382157087, 0.0034242651890963316, 0.003494052914902568, 0.003560152370482683, 0.0035288368817418814, 0.0034904421772807837]}